id,tag
1495,computer-vision
2288,computer-vision
2137,graph-learning
380,reinforcement-learning
2234,graph-learning
2018,graph-learning
1096,graph-learning
763,graph-learning
400,graph-learning
1489,computer-vision
2243,computer-vision
168,computer-vision
1316,computer-vision
240,computer-vision
973,computer-vision
2008,computer-vision
2122,graph-learning
403,natural-language-processing
1247,mlops
2247,computer-vision
1000,computer-vision
2375,computer-vision
287,natural-language-processing
555,natural-language-processing
2092,natural-language-processing
619,computer-vision
788,computer-vision
738,computer-vision
580,computer-vision
237,computer-vision
1061,computer-vision
130,reinforcement-learning
1957,natural-language-processing
1806,natural-language-processing
1281,natural-language-processing
658,computer-vision
1311,natural-language-processing
2175,mlops
616,computer-vision
1478,natural-language-processing
164,computer-vision
1543,natural-language-processing
1437,graph-learning
68,computer-vision
789,graph-learning
69,computer-vision
538,computer-vision
1841,mlops
1835,natural-language-processing
1385,natural-language-processing
1098,computer-vision
347,natural-language-processing
1286,natural-language-processing
60,computer-vision
724,natural-language-processing
241,natural-language-processing
325,computer-vision
846,computer-vision
1482,natural-language-processing
867,time-series
2253,natural-language-processing
1994,natural-language-processing
489,natural-language-processing
722,natural-language-processing
1163,natural-language-processing
2058,natural-language-processing
2334,natural-language-processing
1228,natural-language-processing
1336,natural-language-processing
2272,natural-language-processing
1705,natural-language-processing
1111,natural-language-processing
2044,natural-language-processing
1905,natural-language-processing
1317,natural-language-processing
805,natural-language-processing
23,natural-language-processing
881,reinforcement-learning
1775,computer-vision
1776,reinforcement-learning
370,reinforcement-learning
1190,natural-language-processing
758,reinforcement-learning
557,computer-vision
924,natural-language-processing
1175,computer-vision
2212,computer-vision
2288,graph-learning
964,graph-learning
601,natural-language-processing
194,natural-language-processing
468,natural-language-processing
895,natural-language-processing
828,computer-vision
1512,natural-language-processing
1438,computer-vision
553,computer-vision
629,natural-language-processing
1200,natural-language-processing
1661,natural-language-processing
1500,mlops
24,mlops
1474,natural-language-processing
1297,natural-language-processing
1559,natural-language-processing
1085,natural-language-processing
2107,reinforcement-learning
777,reinforcement-learning
2294,graph-learning
235,computer-vision
1263,natural-language-processing
1506,natural-language-processing
2197,computer-vision
1179,computer-vision
1458,natural-language-processing
1892,computer-vision
192,mlops
2117,natural-language-processing
242,computer-vision
643,natural-language-processing
1244,time-series
1193,computer-vision
217,natural-language-processing
1248,natural-language-processing
1415,natural-language-processing
1305,computer-vision
923,natural-language-processing
1221,natural-language-processing
1478,natural-language-processing
1516,natural-language-processing
622,natural-language-processing
169,natural-language-processing
702,natural-language-processing
2016,natural-language-processing
1374,computer-vision
2217,natural-language-processing
1993,computer-vision
1772,computer-vision
857,computer-vision
582,natural-language-processing
2123,natural-language-processing
767,natural-language-processing
53,natural-language-processing
950,natural-language-processing
906,natural-language-processing
2203,natural-language-processing
2114,computer-vision
847,computer-vision
986,computer-vision
853,computer-vision
1729,computer-vision
946,computer-vision
91,computer-vision
416,computer-vision
398,computer-vision
728,computer-vision
1099,computer-vision
1718,computer-vision
774,computer-vision
2324,computer-vision
433,computer-vision
1541,computer-vision
843,natural-language-processing
1538,computer-vision
2294,time-series
1065,computer-vision
1418,time-series
2110,natural-language-processing
1461,computer-vision
746,computer-vision
1864,natural-language-processing
1999,mlops
396,computer-vision
915,computer-vision
1084,natural-language-processing
2022,computer-vision
2204,mlops
362,natural-language-processing
436,mlops
260,natural-language-processing
224,natural-language-processing
1246,computer-vision
1062,natural-language-processing
1112,natural-language-processing
2050,reinforcement-learning
2430,computer-vision
1029,computer-vision
583,computer-vision
1964,natural-language-processing
348,natural-language-processing
2190,graph-learning
2199,reinforcement-learning
1281,natural-language-processing
1970,computer-vision
803,natural-language-processing
1145,natural-language-processing
1109,natural-language-processing
866,natural-language-processing
1927,natural-language-processing
2308,computer-vision
231,computer-vision
1732,natural-language-processing
887,computer-vision
957,graph-learning
1144,natural-language-processing
6,natural-language-processing
169,time-series
1715,computer-vision
382,natural-language-processing
2040,natural-language-processing
221,natural-language-processing
1620,computer-vision
172,natural-language-processing
864,computer-vision
1209,natural-language-processing
1726,natural-language-processing
2433,time-series
1662,time-series
1385,natural-language-processing
1341,computer-vision
1894,graph-learning
1378,computer-vision
1182,natural-language-processing
388,natural-language-processing
1328,natural-language-processing
1947,natural-language-processing
2247,natural-language-processing
154,computer-vision
2117,natural-language-processing
1492,computer-vision
2412,computer-vision
874,computer-vision
152,graph-learning
1743,mlops
1397,computer-vision
2084,graph-learning
2034,mlops
2373,computer-vision
442,natural-language-processing
2171,computer-vision
1768,natural-language-processing
1878,reinforcement-learning
97,computer-vision
1543,computer-vision
2161,reinforcement-learning
1475,natural-language-processing
1847,computer-vision
241,graph-learning
21,natural-language-processing
2121,computer-vision
692,natural-language-processing
1701,natural-language-processing
54,natural-language-processing
686,computer-vision
744,natural-language-processing
910,natural-language-processing
431,natural-language-processing
1310,natural-language-processing
1450,reinforcement-learning
2375,computer-vision
1181,natural-language-processing
32,natural-language-processing
1782,natural-language-processing
1480,natural-language-processing
857,natural-language-processing
1266,computer-vision
2038,computer-vision
8,natural-language-processing
1466,time-series
589,natural-language-processing
1249,reinforcement-learning
1492,natural-language-processing
259,natural-language-processing
1087,computer-vision
406,reinforcement-learning
467,natural-language-processing
578,natural-language-processing
1624,computer-vision
1932,natural-language-processing
2336,computer-vision
1073,reinforcement-learning
96,natural-language-processing
1927,natural-language-processing
1607,natural-language-processing
2286,natural-language-processing
1586,natural-language-processing
1342,computer-vision
1643,natural-language-processing
1763,reinforcement-learning
1221,natural-language-processing
1571,time-series
1144,computer-vision
1085,computer-vision
1690,time-series
2434,computer-vision
117,computer-vision
950,computer-vision
2257,computer-vision
1294,computer-vision
1846,computer-vision
542,natural-language-processing
1767,computer-vision
2323,natural-language-processing
760,mlops
128,natural-language-processing
187,natural-language-processing
226,natural-language-processing
1610,natural-language-processing
1995,computer-vision
772,computer-vision
2141,time-series
535,computer-vision
1659,computer-vision
813,natural-language-processing
2027,natural-language-processing
691,computer-vision
490,computer-vision
1686,natural-language-processing
998,natural-language-processing
2230,computer-vision
1708,natural-language-processing
10,natural-language-processing
1107,reinforcement-learning
1745,computer-vision
1313,computer-vision
1045,natural-language-processing
1560,natural-language-processing
2311,natural-language-processing
1707,natural-language-processing
815,natural-language-processing
1812,natural-language-processing
2144,natural-language-processing
662,natural-language-processing
633,natural-language-processing
1687,computer-vision
166,natural-language-processing
47,computer-vision
2056,natural-language-processing
162,natural-language-processing
1551,natural-language-processing
2375,natural-language-processing
1928,computer-vision
394,computer-vision
263,computer-vision
202,mlops
1041,computer-vision
2252,natural-language-processing
561,natural-language-processing
2156,computer-vision
1865,computer-vision
1610,computer-vision
2016,natural-language-processing
561,natural-language-processing
658,reinforcement-learning
469,computer-vision
1184,mlops
1546,natural-language-processing
641,natural-language-processing
2419,natural-language-processing
1061,time-series
807,computer-vision
969,natural-language-processing
930,reinforcement-learning
1982,natural-language-processing
2051,natural-language-processing
2413,reinforcement-learning
1923,computer-vision
503,reinforcement-learning
2309,natural-language-processing
1835,computer-vision
798,natural-language-processing
577,natural-language-processing
1862,natural-language-processing
1608,natural-language-processing
1809,natural-language-processing
194,natural-language-processing
2096,natural-language-processing
2116,natural-language-processing
1897,computer-vision
2366,natural-language-processing
1703,computer-vision
2043,natural-language-processing
1619,computer-vision
1049,natural-language-processing
1859,computer-vision
957,natural-language-processing
622,natural-language-processing
252,time-series
632,natural-language-processing
1285,natural-language-processing
276,computer-vision
2093,natural-language-processing
1064,natural-language-processing
1849,computer-vision
757,computer-vision
1382,computer-vision
121,natural-language-processing
1675,mlops
1237,reinforcement-learning
445,natural-language-processing
1664,natural-language-processing
1080,natural-language-processing
2116,computer-vision
1928,natural-language-processing
2189,natural-language-processing
1774,natural-language-processing
1376,natural-language-processing
2310,natural-language-processing
1393,reinforcement-learning
1160,natural-language-processing
1638,natural-language-processing
239,computer-vision
1408,natural-language-processing
1638,computer-vision
1474,computer-vision
1178,reinforcement-learning
1934,time-series
2236,mlops
1046,computer-vision
1307,natural-language-processing
440,computer-vision
1466,computer-vision
263,computer-vision
590,computer-vision
437,computer-vision
402,computer-vision
1041,computer-vision
1836,time-series
1403,computer-vision
1814,reinforcement-learning
563,computer-vision
1195,natural-language-processing
2031,computer-vision
1985,reinforcement-learning
2318,computer-vision
1889,natural-language-processing
765,natural-language-processing
2011,natural-language-processing
1071,computer-vision
595,computer-vision
2254,mlops
2082,computer-vision
626,natural-language-processing
692,computer-vision
247,reinforcement-learning
320,natural-language-processing
1701,natural-language-processing
492,graph-learning
2011,natural-language-processing
1866,reinforcement-learning
1590,computer-vision
2344,computer-vision
616,mlops
753,computer-vision
1445,computer-vision
1186,computer-vision
2050,computer-vision
435,computer-vision
337,mlops
2159,graph-learning
131,computer-vision
527,natural-language-processing
1823,natural-language-processing
1722,natural-language-processing
481,natural-language-processing
1908,mlops
1033,reinforcement-learning
2144,computer-vision
2079,computer-vision
2283,computer-vision
1638,reinforcement-learning
1612,natural-language-processing
1917,graph-learning
463,natural-language-processing
108,natural-language-processing
1326,natural-language-processing
2401,computer-vision
428,graph-learning
1694,reinforcement-learning
994,reinforcement-learning
1674,natural-language-processing
488,computer-vision
1963,computer-vision
1707,natural-language-processing
630,natural-language-processing
1597,computer-vision
1463,natural-language-processing
894,natural-language-processing
1871,natural-language-processing
1374,time-series
1882,computer-vision
1244,natural-language-processing
513,computer-vision
1108,natural-language-processing
474,mlops
253,computer-vision
1372,computer-vision
1157,time-series
133,natural-language-processing
1091,natural-language-processing
1695,reinforcement-learning
1556,natural-language-processing
148,computer-vision
2159,reinforcement-learning
2137,mlops
1439,computer-vision
454,reinforcement-learning
2293,computer-vision
2038,time-series
692,computer-vision
451,natural-language-processing
1229,natural-language-processing
1789,natural-language-processing
1626,natural-language-processing
2140,computer-vision
1896,natural-language-processing
951,computer-vision
293,natural-language-processing
1424,natural-language-processing
2390,natural-language-processing
1005,mlops
460,computer-vision
1812,graph-learning
798,mlops
2068,computer-vision
1925,computer-vision
1827,computer-vision
1576,natural-language-processing
1973,natural-language-processing
1784,computer-vision
2111,computer-vision
952,time-series
744,time-series
322,natural-language-processing
2076,natural-language-processing
1458,natural-language-processing
470,natural-language-processing
919,natural-language-processing
537,natural-language-processing
226,mlops
1078,mlops
1432,mlops
285,mlops
2207,natural-language-processing
2019,computer-vision
1863,computer-vision
1605,computer-vision
2070,computer-vision
1079,mlops
1132,computer-vision
1560,computer-vision
997,computer-vision
1009,computer-vision
1357,mlops
1440,natural-language-processing
1441,computer-vision
1619,mlops
1196,computer-vision
639,computer-vision
1589,computer-vision
1614,computer-vision
1016,natural-language-processing
324,natural-language-processing
658,computer-vision
1012,natural-language-processing
1933,natural-language-processing
373,computer-vision
292,mlops
539,computer-vision
1142,computer-vision
2155,natural-language-processing
206,mlops
619,natural-language-processing
1550,computer-vision
2243,computer-vision
1499,computer-vision
1930,computer-vision
318,computer-vision
226,mlops
247,computer-vision
1227,computer-vision
980,natural-language-processing
1045,natural-language-processing
517,natural-language-processing
2239,computer-vision
2322,graph-learning
1748,mlops
1957,computer-vision
8,computer-vision
1878,natural-language-processing
1386,natural-language-processing
1329,natural-language-processing
1371,computer-vision
2224,natural-language-processing
564,graph-learning
488,mlops
2290,mlops
248,mlops
375,mlops
2393,computer-vision
660,mlops
339,natural-language-processing
2270,computer-vision
392,computer-vision
1623,mlops
446,computer-vision
1581,computer-vision
672,natural-language-processing
2078,graph-learning
11,natural-language-processing
1186,time-series
1766,computer-vision
1849,computer-vision
395,natural-language-processing
708,computer-vision
2416,computer-vision
1404,natural-language-processing
699,computer-vision
933,computer-vision
2340,computer-vision
981,computer-vision
31,computer-vision
537,natural-language-processing
2208,natural-language-processing
1378,natural-language-processing
2269,mlops
763,computer-vision
859,computer-vision
953,natural-language-processing
619,computer-vision
1377,natural-language-processing
2115,mlops
1820,mlops
694,computer-vision
2386,natural-language-processing
1869,natural-language-processing
1739,natural-language-processing
844,mlops
742,natural-language-processing
111,natural-language-processing
377,computer-vision
1763,computer-vision
1277,mlops
1421,computer-vision
686,computer-vision
596,computer-vision
2040,computer-vision
2132,computer-vision
1430,natural-language-processing
282,computer-vision
2308,computer-vision
2393,natural-language-processing
1183,time-series
1586,mlops
781,mlops
1075,mlops
1984,reinforcement-learning
577,time-series
1651,mlops
2082,natural-language-processing
853,computer-vision
149,natural-language-processing
2364,natural-language-processing
1035,computer-vision
1877,natural-language-processing
126,computer-vision
2277,natural-language-processing
1812,computer-vision
1897,computer-vision
2301,natural-language-processing
1784,natural-language-processing
2429,natural-language-processing
1647,natural-language-processing
1777,mlops
2256,mlops
1177,graph-learning
747,computer-vision
1349,computer-vision
341,mlops
1159,computer-vision
1849,computer-vision
2206,computer-vision
2045,natural-language-processing
689,computer-vision
1136,natural-language-processing
1114,natural-language-processing
371,reinforcement-learning
2057,computer-vision
1134,computer-vision
197,graph-learning
1051,natural-language-processing
1022,natural-language-processing
2038,reinforcement-learning
1166,natural-language-processing
959,graph-learning
1748,computer-vision
2392,computer-vision
2050,natural-language-processing
2259,reinforcement-learning
997,mlops
1209,natural-language-processing
2335,natural-language-processing
1396,natural-language-processing
470,natural-language-processing
416,reinforcement-learning
1149,natural-language-processing
1422,natural-language-processing
1947,computer-vision
370,mlops
2206,natural-language-processing
308,mlops
2435,computer-vision
1387,mlops
512,time-series
634,graph-learning
2347,natural-language-processing
911,graph-learning
224,computer-vision
1673,time-series
1904,computer-vision
1469,computer-vision
1009,natural-language-processing
401,computer-vision
542,computer-vision
723,natural-language-processing
1771,time-series
1065,computer-vision
1327,computer-vision
2105,computer-vision
157,computer-vision
1753,natural-language-processing
222,graph-learning
484,computer-vision
1790,computer-vision
1028,computer-vision
93,natural-language-processing
2141,computer-vision
1737,mlops
2016,reinforcement-learning
343,graph-learning
1652,time-series
1770,mlops
849,computer-vision
171,computer-vision
982,mlops
755,computer-vision
371,computer-vision
2428,natural-language-processing
1525,mlops
248,mlops
1226,reinforcement-learning
655,computer-vision
208,mlops
164,time-series
433,reinforcement-learning
966,computer-vision
2352,natural-language-processing
1775,computer-vision
853,natural-language-processing
2312,natural-language-processing
239,natural-language-processing
2308,computer-vision
257,reinforcement-learning
1803,computer-vision
